epoch,step,train_loss,val_loss
0,49,0.07094750553369522,
0,99,0.0804515928030014,
0,149,0.07840751111507416,
0,199,0.02996421605348587,
0,249,0.04737894982099533,
0,299,0.020798128098249435,
0,349,0.038313452154397964,
0,399,0.028967583552002907,
0,449,0.009645647369325161,
0,499,0.01726948842406273,
0,549,0.02113066241145134,
0,599,0.018534723669290543,
0,649,0.015479149296879768,
0,699,0.015375449322164059,
0,749,0.033029235899448395,
0,799,0.033091504126787186,
0,849,0.015331745147705078,
0,899,0.04762732610106468,
0,949,0.015452531166374683,
0,999,0.017307117581367493,
0,1049,0.0861373096704483,
0,1099,0.005651171784847975,
0,1149,0.007280223537236452,
0,1199,0.03439980000257492,
0,1249,0.011006317101418972,
0,1299,0.011766144074499607,
0,1349,0.022381480783224106,
0,1399,0.011307479813694954,
0,1449,0.013786298222839832,
0,1499,0.051300086081027985,
0,1549,0.010077196173369884,
0,1599,0.014799756929278374,
0,1649,0.008261598646640778,
0,1699,0.008341136388480663,
0,1749,0.022833863273262978,
0,1799,0.01563631370663643,
0,1849,0.01194776501506567,
0,1899,0.012692213989794254,
0,1949,0.016099154949188232,
0,1999,0.05293077230453491,
0,2049,0.018527457490563393,
0,2099,0.054728005081415176,
0,2149,0.005621072370558977,
0,2199,0.0126548632979393,
0,2249,0.017377017065882683,
0,2299,0.036870431154966354,
0,2349,0.0065290178172290325,
0,2399,0.005071970634162426,
0,2449,0.008882228285074234,
0,2499,0.02162295952439308,
0,2549,0.01598476618528366,
0,2599,0.027168288826942444,
0,2649,0.03578269109129906,
0,2699,0.009939940646290779,
0,2749,0.03211912885308266,
0,2799,0.008473258465528488,
0,2849,0.031157176941633224,
0,2899,0.01082494668662548,
0,2949,0.007504846900701523,
0,2999,0.003983644302934408,
0,3049,0.003991455305367708,
0,3099,0.01728946343064308,
0,3149,0.03605930507183075,
0,3199,0.010702037252485752,
0,3249,0.013435094617307186,
0,3299,0.012597542256116867,
0,3349,0.16244573891162872,
0,3399,0.04985576495528221,
0,3449,0.006027826573699713,
0,3499,0.005859018303453922,
0,3549,0.0045843664556741714,
0,3599,0.11574340611696243,
0,3649,0.011936215683817863,
0,3699,0.015199089422821999,
0,3749,0.08813277631998062,
0,3799,0.006647917907685041,
0,3849,0.011877012439072132,
0,3899,0.022943701595067978,
0,3949,0.08661434799432755,
0,3999,0.008586465381085873,
0,4049,0.008383749052882195,
0,4099,0.011096160858869553,
0,4149,0.004455764777958393,
0,4199,0.010490143671631813,
0,4249,0.033234596252441406,
0,4299,0.06763657182455063,
0,4349,0.024590086191892624,
0,4399,0.00344152026809752,
0,4449,0.004323075525462627,
0,4499,0.03019700013101101,
0,4549,0.00890243612229824,
0,4599,0.0358278788626194,
0,4649,0.01043191459029913,
0,4699,0.048633962869644165,
0,4749,0.006732497364282608,
0,4799,0.033576589077711105,
0,4849,0.012151256203651428,
0,4899,0.004794713109731674,
0,4949,0.013840408064424992,
0,4999,0.006217967718839645,
0,5049,0.00983996782451868,
0,5099,0.006908251438289881,
0,5149,0.014731808565557003,
0,5199,0.004045818466693163,
0,5249,0.0059225778095424175,
0,5299,0.13025923073291779,
0,5349,0.008208062499761581,
0,5399,0.11013548821210861,
0,5449,0.09133289009332657,
0,5499,0.02361403964459896,
0,5549,0.04598580300807953,
0,5599,0.013567245565354824,
0,5649,0.004899864550679922,
0,5699,0.004131080117076635,
0,5749,0.03857840597629547,
0,5799,0.006796482019126415,
0,5849,0.006200082134455442,
0,5899,0.00402009766548872,
0,5949,0.008648215793073177,
0,5999,0.020666047930717468,
0,6049,0.00420417869463563,
0,6099,0.012208807282149792,
0,6149,0.015864333137869835,
0,6199,0.28794312477111816,
0,6249,0.0224870927631855,
0,6299,0.007379060611128807,
0,6349,0.008050079457461834,
0,6399,0.005400150083005428,
0,6449,0.012160887010395527,
0,6499,0.005020704120397568,
0,6549,0.00674459571018815,
0,6599,0.011217820458114147,
0,6649,0.04201182723045349,
0,6699,0.020105652511119843,
0,6749,0.18366935849189758,
0,6799,0.00987953133881092,
0,6849,0.010803901590406895,
0,6899,0.01114856731146574,
0,6949,0.005968000274151564,
0,6999,0.014898143708705902,
0,7049,0.3533816635608673,
0,7099,0.011794904246926308,
0,7149,0.003119603032246232,
0,7199,0.004233847372233868,
0,7249,0.029421066865324974,
0,7299,0.7646299600601196,
0,7349,0.02170874923467636,
0,7399,0.003702825400978327,
0,7449,0.12435951828956604,
0,7499,0.022937403991818428,
0,7549,0.02351730689406395,
0,7599,0.007421947084367275,
0,7649,0.013798492960631847,
0,7699,0.007946338504552841,
0,7749,0.012352168560028076,
0,7799,0.006262673996388912,
0,7849,0.007478599436581135,
0,7899,0.010221507400274277,
0,7949,0.007562590297311544,
0,7999,0.005328750237822533,
0,8049,0.004584954120218754,
0,8099,0.006914668716490269,
0,8149,0.005816499702632427,
0,8199,0.0037626614794135094,
0,8249,0.004237809684127569,
0,8299,0.014258801005780697,
0,8349,0.022685740143060684,
0,8399,0.008610529825091362,
0,8449,0.009151212871074677,
0,8499,0.006903041619807482,
0,8549,0.0170599278062582,
0,8599,0.029641209170222282,
0,8649,1.1336026191711426,
0,8699,0.013782639987766743,
0,8749,0.008189789950847626,
0,8799,0.019710959866642952,
0,8849,0.006727352738380432,
0,8899,0.007737866602838039,
0,8949,0.013799750246107578,
0,8999,0.004838127642869949,
0,9049,0.006554947700351477,
0,9099,0.009461871348321438,
0,9149,0.006931465119123459,
0,9199,0.0042855869978666306,
0,9249,0.008196168579161167,
0,9299,0.006770011968910694,
0,9349,0.016536161303520203,
0,9399,0.02976028062403202,
0,9449,0.003829620312899351,
0,9499,0.008440176025032997,
0,9549,0.008070767857134342,
0,9599,0.00478654820472002,
0,9649,0.016230544075369835,
0,9699,0.01902875117957592,
0,9749,0.007683413103222847,
0,9799,0.08285649120807648,
0,9849,0.006375289522111416,
0,9899,0.18910595774650574,
0,9949,0.002884496469050646,
0,9999,0.028650619089603424,
0,10049,0.01038413867354393,
0,10099,0.009096574038267136,
0,10149,0.006448404397815466,
0,10199,0.01973799429833889,
0,10249,0.02109338529407978,
0,10299,0.02616410329937935,
0,10349,0.037381045520305634,
0,10399,0.005074359942227602,
0,10449,0.08849440515041351,
0,10499,0.0038544938433915377,
0,10549,0.021149849519133568,
0,10599,0.01573272794485092,
0,10649,0.02168443612754345,
0,10699,0.08481810986995697,
0,10749,0.017490435391664505,
0,10799,0.013794497586786747,
0,10849,0.02144603617489338,
0,10899,0.023594733327627182,
0,10949,0.004877479746937752,
0,10999,0.01606794446706772,
0,11049,0.010867705568671227,
0,11099,0.015394548885524273,
0,11149,0.007651387248188257,
0,11199,0.006289670243859291,
0,11249,0.009869633242487907,
0,11299,0.02809026464819908,
0,11349,0.0035543811973184347,
0,11399,0.01776416413486004,
0,11449,0.0035661079455167055,
0,11499,0.004961202386766672,
0,11549,0.047885894775390625,
0,11599,0.0033638456370681524,
0,11649,0.04227438569068909,
0,11699,0.032451286911964417,
0,11749,0.0658491775393486,
0,11799,0.0035446102265268564,
0,11849,0.02727930061519146,
0,11899,0.005576100666075945,
0,11949,0.009594567120075226,
0,11999,0.004538663197308779,
0,12041,,0.03590419515967369
1,12049,0.004923983011394739,
1,12099,0.029253922402858734,
1,12149,0.014406448230147362,
1,12199,0.009193487465381622,
1,12249,0.006260187365114689,
1,12299,0.0038625411689281464,
1,12349,0.014307006262242794,
1,12399,0.011478100903332233,
1,12449,0.06282390654087067,
1,12499,0.04447123780846596,
1,12549,0.007731153629720211,
1,12599,0.004927333910018206,
1,12649,0.0037719612009823322,
1,12699,0.005502218846231699,
1,12749,0.004049118608236313,
1,12799,0.0055186450481414795,
1,12849,0.0064490363001823425,
1,12899,0.005921456031501293,
1,12949,0.06091213598847389,
1,12999,0.006527756340801716,
1,13049,0.00371223664842546,
1,13099,0.007698940113186836,
1,13149,0.022207507863640785,
1,13199,0.007949650287628174,
1,13249,0.00427622813731432,
1,13299,0.017340200021862984,
1,13349,0.010254636406898499,
1,13399,0.007950502447783947,
1,13449,0.019525598734617233,
1,13499,0.008901301771402359,
1,13549,0.015246444381773472,
1,13599,0.030814897269010544,
1,13649,0.008242253214120865,
1,13699,0.00984655600041151,
1,13749,0.0054840706288814545,
1,13799,0.029755758121609688,
1,13849,0.002694624476134777,
1,13899,0.01618434488773346,
1,13949,0.010624336078763008,
1,13999,0.012327020987868309,
1,14049,0.02762654609978199,
1,14099,0.018617838621139526,
1,14149,0.005832355935126543,
1,14199,0.003957804292440414,
1,14249,0.024090444669127464,
1,14299,0.005063223652541637,
1,14349,0.02318771369755268,
1,14399,0.0027908917982131243,
